{
  "Total" : {
    "transaction" : "Total",
    "sampleCount" : 800,
    "errorCount" : 121,
    "errorPct" : 15.125,
    "meanResTime" : 9.756249999999996,
    "medianResTime" : 2.0,
    "minResTime" : 0.0,
    "maxResTime" : 96.0,
    "pct1ResTime" : 59.89999999999998,
    "pct2ResTime" : 70.0,
    "pct3ResTime" : 81.0,
    "throughput" : 89.50548221078542,
    "receivedKBytesPerSec" : 148.42569996084134,
    "sentKBytesPerSec" : 23.563039305493398
  },
  "Home" : {
    "transaction" : "Home",
    "sampleCount" : 200,
    "errorCount" : 0,
    "errorPct" : 0.0,
    "meanResTime" : 4.164999999999999,
    "medianResTime" : 3.0,
    "minResTime" : 2.0,
    "maxResTime" : 60.0,
    "pct1ResTime" : 5.0,
    "pct2ResTime" : 5.0,
    "pct3ResTime" : 59.0,
    "throughput" : 29.489826010026544,
    "receivedKBytesPerSec" : 80.80903494544383,
    "sentKBytesPerSec" : 9.762745134178708
  },
  "Home-0" : {
    "transaction" : "Home-0",
    "sampleCount" : 200,
    "errorCount" : 0,
    "errorPct" : 0.0,
    "meanResTime" : 2.0200000000000014,
    "medianResTime" : 1.0,
    "minResTime" : 0.0,
    "maxResTime" : 54.0,
    "pct1ResTime" : 2.0,
    "pct2ResTime" : 2.0,
    "pct3ResTime" : 54.0,
    "throughput" : 29.49852507374631,
    "receivedKBytesPerSec" : 5.012444690265487,
    "sentKBytesPerSec" : 4.868408923303835
  },
  "Sign Up" : {
    "transaction" : "Sign Up",
    "sampleCount" : 200,
    "errorCount" : 121,
    "errorPct" : 60.5,
    "meanResTime" : 30.855,
    "medianResTime" : 5.0,
    "minResTime" : 2.0,
    "maxResTime" : 96.0,
    "pct1ResTime" : 73.0,
    "pct2ResTime" : 78.84999999999997,
    "pct3ResTime" : 87.99000000000001,
    "throughput" : 23.060071486221606,
    "receivedKBytesPerSec" : 26.58078591606134,
    "sentKBytesPerSec" : 9.014708902628849
  },
  "Home-1" : {
    "transaction" : "Home-1",
    "sampleCount" : 200,
    "errorCount" : 0,
    "errorPct" : 0.0,
    "meanResTime" : 1.985,
    "medianResTime" : 2.0,
    "minResTime" : 1.0,
    "maxResTime" : 4.0,
    "pct1ResTime" : 3.0,
    "pct2ResTime" : 3.0,
    "pct3ResTime" : 4.0,
    "throughput" : 29.735355337496284,
    "receivedKBytesPerSec" : 76.42915551590842,
    "sentKBytesPerSec" : 4.936533600951531
  }
}